{
    "name": "root",
    "gauges": {
        "Roller.Policy.Entropy.mean": {
            "value": 1.381150245666504,
            "min": 1.381150245666504,
            "max": 1.4196516275405884,
            "count": 10
        },
        "Roller.Environment.EpisodeLength.mean": {
            "value": 6.068863122171946,
            "min": 6.068863122171946,
            "max": 16.806267806267805,
            "count": 10
        },
        "Roller.Policy.ExtrinsicValueEstimate.mean": {
            "value": 0.9691399335861206,
            "min": 0.2984315752983093,
            "max": 0.9691399335861206,
            "count": 10
        },
        "Roller.Environment.CumulativeReward.mean": {
            "value": 0.9998586172769688,
            "min": 0.22515140719629498,
            "max": 1.0,
            "count": 10
        },
        "Roller.Policy.ExtrinsicReward.mean": {
            "value": 0.9998586172769688,
            "min": 0.22515140719629498,
            "max": 1.0,
            "count": 10
        },
        "Roller.Losses.PolicyLoss.mean": {
            "value": 0.025131257903558434,
            "min": 0.021582114124127354,
            "max": 0.026708718086204803,
            "count": 10
        },
        "Roller.Losses.ValueLoss.mean": {
            "value": 0.001650737226009369,
            "min": 0.001650737226009369,
            "max": 0.18734686970710754,
            "count": 10
        },
        "Roller.Policy.LearningRate.mean": {
            "value": 1.7123494292199997e-05,
            "min": 1.7123494292199997e-05,
            "max": 0.0002846187051271,
            "count": 10
        },
        "Roller.Policy.Epsilon.mean": {
            "value": 0.10570779999999999,
            "min": 0.10570779999999999,
            "max": 0.19487290000000002,
            "count": 10
        },
        "Roller.Policy.Beta.mean": {
            "value": 0.0002948192200000001,
            "min": 0.0002948192200000001,
            "max": 0.004744157709999999,
            "count": 10
        },
        "Roller.IsTraining.mean": {
            "value": 1.0,
            "min": 1.0,
            "max": 1.0,
            "count": 10
        }
    },
    "metadata": {
        "timer_format_version": "0.1.0",
        "start_time_seconds": "1609836379",
        "python_version": "3.8.5 (default, Sep  3 2020, 21:29:08) [MSC v.1916 64 bit (AMD64)]",
        "command_line_arguments": "C:\\ProgramData\\Anaconda3\\Scripts\\mlagents-learn config/Roller.yaml --run-id=Roller --force",
        "mlagents_version": "0.23.0",
        "mlagents_envs_version": "0.23.0",
        "communication_protocol_version": "1.3.0",
        "pytorch_version": "1.7.1+cpu",
        "numpy_version": "1.18.5",
        "end_time_seconds": "1609837305"
    },
    "total": 925.9992447000001,
    "count": 1,
    "self": 0.006731700000045748,
    "children": {
        "run_training.setup": {
            "total": 0.007950499999999971,
            "count": 1,
            "self": 0.007950499999999971
        },
        "TrainerController.start_learning": {
            "total": 925.9845625,
            "count": 1,
            "self": 2.0470062000022153,
            "children": {
                "TrainerController._reset_env": {
                    "total": 9.998018299999998,
                    "count": 1,
                    "self": 9.998018299999998
                },
                "TrainerController.advance": {
                    "total": 913.8753547999978,
                    "count": 103101,
                    "self": 0.9273455000087552,
                    "children": {
                        "env_step": {
                            "total": 912.948009299989,
                            "count": 103101,
                            "self": 821.399348499995,
                            "children": {
                                "SubprocessEnvManager._take_step": {
                                    "total": 90.33133079999217,
                                    "count": 103101,
                                    "self": 3.0326358000008042,
                                    "children": {
                                        "TorchPolicy.evaluate": {
                                            "total": 87.29869499999137,
                                            "count": 55562,
                                            "self": 18.97086379999766,
                                            "children": {
                                                "TorchPolicy.sample_actions": {
                                                    "total": 68.32783119999371,
                                                    "count": 55562,
                                                    "self": 68.32783119999371
                                                }
                                            }
                                        }
                                    }
                                },
                                "workers": {
                                    "total": 1.2173300000019225,
                                    "count": 103101,
                                    "self": 0.0,
                                    "children": {
                                        "worker_root": {
                                            "total": 913.3691476999859,
                                            "count": 103101,
                                            "is_parallel": true,
                                            "self": 223.54815459997633,
                                            "children": {
                                                "steps_from_proto": {
                                                    "total": 0.0008645999999998821,
                                                    "count": 1,
                                                    "is_parallel": true,
                                                    "self": 0.00042270000000144137,
                                                    "children": {
                                                        "_process_vector_observation": {
                                                            "total": 0.00044189999999844076,
                                                            "count": 2,
                                                            "is_parallel": true,
                                                            "self": 0.00044189999999844076
                                                        }
                                                    }
                                                },
                                                "UnityEnvironment.step": {
                                                    "total": 689.8201285000096,
                                                    "count": 103101,
                                                    "is_parallel": true,
                                                    "self": 6.770757600017532,
                                                    "children": {
                                                        "UnityEnvironment._generate_step_input": {
                                                            "total": 27.638169099988936,
                                                            "count": 103101,
                                                            "is_parallel": true,
                                                            "self": 27.638169099988936
                                                        },
                                                        "communicator.exchange": {
                                                            "total": 633.7918355000031,
                                                            "count": 103101,
                                                            "is_parallel": true,