{"cameraMode":{"drawMode":0,"name":"Shaded","section":"Shading Mode"},"sceneLighting":true,"audioPlay":false,"sceneViewState":{"m_AlwaysRefresh":false,"showFog":true,"showSkybox":true,"showFlares":true,"showImageEffects":true,"showParticleSystems":true,"showVisualEffectGraphs":true,"m_FxEnabled":true},"in2DMode":false,"pivot":{"x":7.603427886962891,"y":-4.85430908203125,"z":26.91111183166504},"rotation":{"x":0.6367738842964172,"y":0.0023097125813364984,"z":-0.0019074507290497423,"w":0.7710452675819397},"size":54.697471618652347,"orthographic":false}